Atelectasis,Cardiomegaly,Consolidation,Edema,No Finding,Pleural Effusion
0.2132564841498559,0.045845272206303724,0.11040339702760085,0.08530805687203792,0.00684931506849315,0.05303030303030303
0.17579250720461095,0.23209169054441262,0.08917197452229299,0.1872037914691943,0.1095890410958904,0.17424242424242425
0.31412103746397696,0.10601719197707736,0.03397027600849257,0.07345971563981042,0.2557077625570776,0.13636363636363635
0.803921568627451,0.4768211920529801,0.6551724137931034,0.6282051282051282,0.3709677419354839,0.8173076923076923
0.7124183006535948,0.8543046357615894,0.4827586206896552,0.7948717948717948,0.7903225806451613,0.8269230769230769
0.9215686274509803,0.7019867549668874,0.4482758620689655,0.5769230769230769,0.9838709677419355,0.8942307692307693